# query match x [px],query match y [px],map planet fixed x [m], map planet fixed y [m], map planet fixed z [m]
487.1516418457
47.1283226013
1145078.0579134978
-916531.9849790154
926366.8440318685
